{"cameraMode":{"drawMode":0,"name":"Shaded","section":"Shading Mode"},"sceneLighting":false,"audioPlay":false,"sceneViewState":{"showFog":true,"showMaterialUpdate":false,"showSkybox":true,"showFlares":true,"showImageEffects":true,"showParticleSystems":true},"in2DMode":false,"pivot":{"x":-1.8853721618652344,"y":23.77484130859375,"z":-26.077844619750978},"rotation":{"x":-0.22713588178157807,"y":0.07384566217660904,"z":-0.01727796345949173,"w":-0.9709056615829468},"size":75.03372955322266,"orthographic":false}