{"cameraMode":{"drawMode":0,"name":"Shaded","section":"Shading Mode"},"sceneLighting":true,"audioPlay":false,"sceneViewState":{"showFog":true,"showMaterialUpdate":false,"showSkybox":true,"showFlares":true,"showImageEffects":true,"showParticleSystems":true},"in2DMode":false,"pivot":{"x":736.9112548828125,"y":315.5456848144531,"z":15.8272705078125},"rotation":{"x":-0.04497218132019043,"y":-0.02338046208024025,"z":0.001052485778927803,"w":-0.998714029788971},"size":403.21478271484377,"orthographic":false}